Target Name	Target Accession	Target Length	Query Name	Query Accession	Query Length	E-value	Score	Bias	Domain Index	Domain Count	Cond. E-value	Domain Ind. E-value	Domain Bit-score	Domain Bias	Query Ali. Start	Query Ali. End	Target Ali. Start	Target Ali. End	Target Env. Start	Target Env. End	Acc	Description	Mapped PDB(s)	Number of Identical Sequences
C6A052_THESM	C6A052_THESM	489	SPASM	-	68	1.7e-07	42.7	2.4	1	1	6.6e-11	4.5e-07	41.3112640380859	0.39	1	67	360	427	360	433	0.79	Elp3 domain-containing protein		0
A0A1A6FTB7_9RHIZ	A0A1A6FTB7_9RHIZ	442	SPASM	-	68	4.0e-07	41.5	0.1	1	1	1.1e-10	7.4e-07	40.6123695373535	0.06	1	68	351	417	351	417	0.79	Pyrroloquinoline quinone biosynthesis protein PqqE (Fragment)		0
A0A177PJS0_9RHIZ	A0A177PJS0_9RHIZ	488	SPASM	-	68	2.2e-06	39.1	0.1	1	1	6.0e-10	4.1e-06	38.2412796020508	0.06	1	68	351	417	351	417	0.79	PqqA peptide cyclase		0
ALBA_BACSU	ALBA_BACSU	448	SPASM	-	68	5.6e-06	37.8	1.7	1	1	3.2e-09	2.2e-05	35.8999824523926	0.60	1	67	344	408	344	418	0.76	Antilisterial bacteriocin subtilosin biosynthesis protein AlbA		0
A0A1W6MT62_9RHIZ	A0A1W6MT62_9RHIZ	486	SPASM	-	68	9.6e-05	33.8	0.0	1	1	2.6e-08	0.00017	33.0244293212891	0.05	1	68	353	419	353	419	0.78	PqqA peptide cyclase		0
A0A239CUK3_9ACTN	A0A239CUK3_9ACTN	468	SPASM	-	68	0.00016	33.2	0.0	1	1	4.1e-08	0.00028	32.3788146972656	0.01	1	68	333	399	333	399	0.78	PqqA peptide cyclase		0
A0A0M8PZY7_9BACI	A0A0M8PZY7_9BACI	449	SPASM	-	68	0.00017	33.0	1.2	1	1	1.0e-07	0.00069	31.0938606262207	1.17	1	67	346	409	346	419	0.76	Radical SAM protein		0
J7QTJ2_METSZ	J7QTJ2_METSZ	490	SPASM	-	68	0.00025	32.5	0.0	1	1	6.9e-08	0.00047	31.6468086242676	0.03	1	68	354	420	354	420	0.77	PqqA peptide cyclase		0
A0A2M8LV26_9ACTN	A0A2M8LV26_9ACTN	476	SPASM	-	68	0.00068	31.1	0.0	1	1	1.9e-07	0.0013	30.271484375	0.01	1	68	349	415	349	415	0.79	PqqA peptide cyclase		0
